name,min,max,action,args
SEG_2_2,1,6,CAM_5021,14
SEG_2_2,7,20,CAM_5021,13
SEG_2_2,21,64,CAM_5021,12
SEG_2_1,65,145,CAM_5021,11
SEG_2_3,1,4,CAM_5021,15
SEG_2_3,5,5,CAM_5021,16
SEG_2_3,6,6,CAM_5021,17
SEG_2_3,7,8,CAM_5021,18
SEG_2_3,9,27,CAM_5021,19
SEG_2_4,28,28,CAM_5021,19
SEG_2_4,29,55,CAM_5021,20
SEG_2_4,56,75,CAM_5021,21
SEG_2_5,76,97,CAM_5021,21
SEG_2_5,98,132,CAM_5021,22
SEG_2_6,133,133,CAM_5021,22
SEG_2_6,134,143,CAM_5017,11
SEG_2_9,1,4,CAM_5017,17
SEG_2_9,5,5,CAM_5017,16
SEG_2_9,6,8,CAM_5017,15
SEG_2_9,9,18,CAM_5017,14
SEG_2_9,19,41,CAM_5017,13
SEG_2_8,93,102,CAM_5017,12
SEG_2_9,42,92,CAM_5017,12
SEG_2_7,103,178,CAM_5017,11
SEG_2_10,1,8,CAM_5018,11
SEG_2_10,9,17,CAM_5016,13
SEG_2_10,18,40,CAM_5016,12
SEG_2_10,41,62,CAM_5016,11
SEG_2_11,63,93,CAM_5016,11
SEG_2_11,94,109,CAM_5019,11
SEG_2_12,110,114,CAM_5019,12
SEG_2_13,115,136,CAM_5019,12
SEG_2_13,137,154,CAM_5015,14
SEG_2_14,155,173,CAM_5015,14
SEG_2_20,1,16,CAM_5014,12
SEG_2_19,26,28,CAM_5013,12
SEG_2_20,17,25,CAM_5013,12
SEG_2_17,85,104,CAM_5014,13
SEG_2_18,57,84,CAM_5014,13
SEG_2_19,29,56,CAM_5014,13
SEG_2_17,105,130,CAM_5014,14
SEG_2_17,131,138,CAM_5014,15
SEG_2_16,141,147,CAM_5013,13
SEG_2_17,139,140,CAM_5013,13
SEG_2_15,148,150,CAM_5015,11
SEG_2_15,151,159,CAM_5015,12
SEG_2_15,160,173,CAM_5015,13
SEG_2_21,1,17,CAM_5013,11
SEG_2_21,18,29,CAM_5013,21
SEG_2_21,30,34,CAM_5014,11
SEG_2_22,35,37,CAM_5014,11
SEG_2_22,38,42,CAM_5012,13
SEG_2_22,43,52,CAM_5012,12
SEG_2_22,53,88,CAM_5012,11
SEG_2_23,89,111,CAM_5012,11
SEG_2_23,112,139,CAM_5011,16
SEG_2_24,140,190,CAM_5011,16
SEG_2_27,1,6,CAM_5010,15
SEG_2_26,9,11,CAM_5011,11
SEG_2_27,7,8,CAM_5011,11
SEG_2_26,12,20,CAM_5011,12
SEG_2_26,21,61,CAM_5011,13
SEG_2_25,92,102,CAM_5011,14
SEG_2_26,62,91,CAM_5011,14
SEG_2_25,103,170,CAM_5011,15
SEG_2_28,1,4,CAM_5010,14
SEG_2_29,5,43,CAM_5010,14
SEG_2_29,44,49,CAM_5010,13
SEG_2_30,50,84,CAM_5010,13
SEG_2_30,85,95,CAM_5010,12
SEG_2_31,96,99,CAM_5010,11
SEG_2_32,100,103,CAM_5010,11
SEG_2_32,104,123,CAM_5008,12
SEG_2_32,124,159,CAM_5008,11
SEG_2_33,160,170,CAM_5008,11
SEG_6_4,1,10,CAM_5056,23
SEG_6_3,13,24,CAM_5057,11
SEG_6_4,11,12,CAM_5057,11
SEG_6_3,25,38,CAM_5057,12
SEG_6_3,39,49,CAM_5057,13
SEG_6_3,50,55,CAM_5057,14
SEG_6_3,56,58,CAM_5057,15
SEG_6_2,62,63,CAM_5058,11
SEG_6_3,59,61,CAM_5058,11
SEG_6_2,64,64,CAM_5058,12
SEG_6_2,65,65,CAM_5058,13
SEG_6_2,66,70,CAM_5058,14
SEG_6_2,71,82,CAM_5058,15
SEG_6_2,83,99,CAM_5058,16
SEG_6_1,121,121,CAM_5058,17
SEG_6_2,100,120,CAM_5058,17
SEG_6_1,122,149,CAM_5059,11
SEG_6_1,150,173,CAM_5059,12
SEG_6_5,1,9,CAM_5056,22
SEG_6_5,10,22,CAM_5056,21
SEG_6_5,23,26,CAM_5056,20
SEG_6_6,27,30,CAM_5056,20
SEG_6_6,31,37,CAM_5056,19
SEG_6_6,38,44,CAM_5056,18
SEG_6_7,45,45,CAM_5056,18
SEG_6_7,46,53,CAM_5056,17
SEG_6_8,54,62,CAM_5056,17
SEG_6_8,63,80,CAM_5056,16
SEG_6_8,81,97,CAM_5056,15
SEG_6_8,98,107,CAM_5056,14
SEG_6_9,108,110,CAM_5056,13
SEG_6_9,111,112,CAM_5056,12
SEG_6_9,113,115,CAM_5056,11
SEG_6_9,116,120,CAM_5055,21
SEG_6_9,121,126,CAM_5055,20
SEG_6_9,127,139,CAM_5055,19
SEG_6_10,140,140,CAM_5055,19
SEG_6_10,141,158,CAM_5055,18
SEG_6_10,159,165,CAM_5055,17
SEG_6_16,1,17,CAM_5052,21
SEG_6_16,18,30,CAM_5052,22
SEG_6_15,31,42,CAM_5053,11
SEG_6_15,43,49,CAM_5053,12
SEG_6_14,51,52,CAM_5053,13
SEG_6_15,50,50,CAM_5053,13
SEG_6_14,53,54,CAM_5054,11
SEG_6_13,56,57,CAM_5054,12
SEG_6_14,55,55,CAM_5054,12
SEG_6_13,58,59,CAM_5054,13
SEG_6_13,60,70,CAM_5054,14
SEG_6_13,71,97,CAM_5054,15
SEG_6_12,105,110,CAM_5055,11
SEG_6_13,98,104,CAM_5055,11
SEG_6_12,111,123,CAM_5055,12
SEG_6_12,124,134,CAM_5055,13
SEG_6_11,143,148,CAM_5055,14
SEG_6_12,135,142,CAM_5055,14
SEG_6_11,149,162,CAM_5055,15
SEG_6_11,163,170,CAM_5055,16
SEG_6_17,1,29,CAM_5052,11
SEG_6_17,30,35,CAM_5052,19
SEG_6_17,36,48,CAM_5052,18
SEG_6_18,49,49,CAM_5052,18
SEG_6_19,50,59,CAM_5052,17
SEG_6_20,60,62,CAM_5052,17
SEG_6_20,63,77,CAM_5052,16
SEG_6_20,78,82,CAM_5052,15
SEG_6_20,83,85,CAM_5052,14
SEG_6_20,86,89,CAM_5052,13
SEG_6_20,90,90,CAM_5052,12
SEG_6_21,91,91,CAM_5052,12
SEG_6_21,92,93,CAM_5052,11
SEG_6_21,94,103,CAM_5051,12
SEG_6_21,104,130,CAM_5051,11
SEG_6_21,131,147,CAM_5050,19
SEG_6_22,148,157,CAM_5050,19
SEG_6_23,158,159,CAM_5050,19
SEG_6_23,160,182,CAM_5050,18
SEG_6_29,4,10,CAM_5049,11
SEG_6_30,1,3,CAM_5049,11
SEG_6_29,11,24,CAM_5048,16
SEG_6_29,25,32,CAM_5048,17
SEG_6_28,39,45,CAM_5048,18
SEG_6_29,33,38,CAM_5048,18
SEG_6_28,46,59,CAM_5048,19
SEG_6_28,60,79,CAM_5049,12
SEG_6_28,80,89,CAM_5049,13
SEG_6_28,90,95,CAM_5049,14
SEG_6_27,96,98,CAM_5049,15
SEG_6_27,99,100,CAM_5049,16
SEG_6_26,101,102,CAM_5049,17
SEG_6_26,103,104,CAM_5050,11
SEG_6_26,105,110,CAM_5050,12
SEG_6_25,118,120,CAM_5050,13
SEG_6_26,111,117,CAM_5050,13
SEG_6_25,121,130,CAM_5050,14
SEG_6_25,131,138,CAM_5050,15
SEG_6_24,146,151,CAM_5050,16
SEG_6_25,139,145,CAM_5050,16
SEG_6_24,152,170,CAM_5050,17
SEG_6_31,1,4,CAM_5048,15
SEG_6_31,5,20,CAM_5048,14
SEG_6_31,21,24,CAM_5048,13
SEG_6_32,25,26,CAM_5048,13
SEG_6_33,27,27,CAM_5048,13
SEG_6_33,28,29,CAM_5048,12
SEG_6_33,30,32,CAM_5047,13
SEG_6_33,33,34,CAM_5048,11
SEG_6_33,35,42,CAM_5047,12
SEG_6_33,43,62,CAM_5047,11
SEG_6_33,63,76,CAM_5045,19
SEG_6_33,77,80,CAM_5045,18
SEG_6_34,81,89,CAM_5045,18
SEG_6_34,90,103,CAM_5045,17
SEG_6_34,104,117,CAM_5045,16
SEG_6_34,118,130,CAM_5045,15
SEG_6_34,131,134,CAM_5045,14
SEG_6_35,135,142,CAM_5045,14
SEG_6_35,143,145,CAM_5045,13
SEG_6_36,146,153,CAM_5045,13
SEG_6_37,154,155,CAM_5045,13
SEG_6_37,156,159,CAM_5046,13
SEG_6_37,160,161,CAM_5046,12
SEG_6_37,162,163,CAM_5045,12
SEG_6_37,164,167,CAM_5046,11
SEG_6_38,168,170,CAM_5046,11
SEG_6_41,11,28,CAM_5044,24
SEG_6_42,1,10,CAM_5044,24
SEG_6_40,65,65,CAM_5044,25
SEG_6_41,29,64,CAM_5044,25
SEG_6_39,118,165,CAM_5044,26
SEG_6_40,66,117,CAM_5044,26
SEG_6_39,166,170,CAM_5045,11
SEG_6_43,1,24,CAM_5044,23
SEG_6_43,25,35,CAM_5044,22
SEG_6_43,36,40,CAM_5044,21
SEG_6_44,41,42,CAM_5044,20
SEG_6_44,43,43,CAM_5044,19
SEG_6_44,44,45,CAM_5044,18
SEG_6_44,46,52,CAM_5044,17
SEG_6_44,53,61,CAM_5044,16
SEG_6_44,62,81,CAM_5044,15
SEG_6_44,82,90,CAM_5044,14
SEG_6_44,91,92,CAM_5044,13
SEG_6_45,93,115,CAM_5044,13
SEG_6_45,116,142,CAM_5044,12
SEG_6_45,143,167,CAM_5044,11
SEG_7_4,1,7,CAM_5061,12
SEG_7_4,8,12,CAM_5063,11
SEG_7_3,16,28,CAM_5063,12
SEG_7_4,13,15,CAM_5063,12
SEG_7_3,29,35,CAM_5063,13
SEG_7_2,56,73,CAM_5063,14
SEG_7_3,36,55,CAM_5063,14
SEG_7_1,109,118,CAM_5063,15
SEG_7_2,74,108,CAM_5063,15
SEG_7_1,119,121,CAM_5062,11
SEG_7_1,122,168,CAM_5062,12
SEG_7_5,1,40,CAM_5061,11
SEG_7_6,41,80,CAM_5061,11
SEG_7_10,25,28,CAM_5060,11
SEG_7_11,1,24,CAM_5060,11
SEG_7_10,29,40,CAM_5060,12
SEG_7_10,41,58,CAM_5060,13
SEG_7_9,66,87,CAM_5060,14
SEG_7_10,59,65,CAM_5060,14
SEG_7_9,88,102,CAM_5060,15
SEG_7_9,103,114,CAM_5060,16
SEG_7_8,115,116,CAM_5060,17
SEG_7_8,117,118,CAM_5060,18
SEG_7_7,121,122,CAM_5060,19
SEG_7_8,119,120,CAM_5060,19
SEG_7_7,123,125,CAM_5060,20
SEG_7_7,126,132,CAM_5060,21
SEG_7_12,1,15,CAM_5059,26
SEG_7_13,16,20,CAM_5059,26
SEG_7_13,21,37,CAM_5059,25
SEG_7_13,38,51,CAM_5059,24
SEG_7_13,52,62,CAM_5059,23
SEG_7_13,63,67,CAM_5059,22
SEG_7_14,68,69,CAM_5059,21
SEG_7_14,70,70,CAM_5059,20
SEG_7_14,71,71,CAM_5059,19
SEG_7_14,72,75,CAM_5059,18
SEG_7_14,76,82,CAM_5059,17
SEG_7_14,83,94,CAM_5059,16
SEG_7_14,95,114,CAM_5059,15
SEG_7_14,115,118,CAM_5058,18
SEG_7_15,119,140,CAM_5058,18
SEG_7_15,141,155,CAM_5059,14
SEG_7_15,156,160,CAM_5059,13
SEG_8_3,11,12,CAM_5206,12
SEG_8_4,1,10,CAM_5206,12
SEG_8_3,13,25,CAM_5206,11
SEG_8_3,26,27,CAM_5207,19
SEG_8_3,28,28,CAM_5207,18
SEG_8_3,29,31,CAM_5207,17
SEG_8_3,32,37,CAM_5207,16
SEG_8_2,39,50,CAM_5207,15
SEG_8_3,38,38,CAM_5207,15
SEG_8_2,51,64,CAM_5207,14
SEG_8_2,65,89,CAM_5207,13
SEG_8_2,90,121,CAM_5207,12
SEG_8_1,122,167,CAM_5207,11
SEG_8_5,1,16,CAM_5206,13
SEG_8_5,17,29,CAM_5206,14
SEG_8_5,30,47,CAM_5206,15
SEG_8_6,48,65,CAM_5206,15
SEG_8_6,66,68,CAM_5206,16
SEG_8_7,69,81,CAM_5206,16
SEG_8_8,82,88,CAM_5206,16
SEG_8_9,89,89,CAM_5206,16
SEG_8_9,90,116,CAM_5205,11
SEG_8_9,117,144,CAM_5205,12
SEG_8_11,1,52,CAM_5203,11
SEG_8_11,53,78,CAM_5204,14
SEG_8_11,79,92,CAM_5204,13
SEG_8_11,93,106,CAM_5204,12
SEG_8_11,107,112,CAM_5204,11
SEG_8_11,113,116,CAM_5205,18
SEG_8_11,117,119,CAM_5205,17
SEG_8_11,120,122,CAM_5205,16
SEG_8_10,127,133,CAM_5205,15
SEG_8_11,123,126,CAM_5205,15
SEG_8_10,134,146,CAM_5205,14
SEG_8_10,147,175,CAM_5205,13
SEG_8_12,1,32,CAM_5203,12
SEG_8_12,33,59,CAM_5203,13
SEG_8_12,60,86,CAM_5203,14
SEG_8_12,87,99,CAM_5203,15
SEG_8_12,100,102,CAM_5202,1
SEG_8_12,103,104,CAM_5202,12
SEG_8_12,105,105,CAM_5202,13
SEG_8_13,106,107,CAM_5202,13
SEG_8_13,108,113,CAM_5202,14
SEG_8_13,114,126,CAM_5202,15
SEG_8_13,127,150,CAM_5202,16
SEG_8_14,151,164,CAM_5202,16
SEG_8_18,1,29,CAM_5067,14
SEG_8_18,30,35,CAM_5067,15
SEG_8_18,36,40,CAM_5067,16
SEG_8_18,41,42,CAM_5067,17
SEG_8_18,43,43,CAM_5067,18
SEG_8_18,44,44,CAM_5067,19
SEG_8_18,45,45,CAM_5067,20
SEG_8_16,50,52,CAM_5067,24
SEG_8_17,46,49,CAM_5067,24
SEG_8_16,53,65,CAM_5067,23
SEG_8_16,66,92,CAM_5067,22
SEG_8_15,128,133,CAM_5067,21
SEG_8_16,93,127,CAM_5067,21
SEG_8_15,134,146,CAM_5201,12
SEG_8_15,147,176,CAM_5201,11
SEG_8_19,1,11,CAM_5067,13
SEG_8_20,12,40,CAM_5067,13
SEG_8_20,41,64,CAM_5067,12
SEG_8_21,65,88,CAM_5067,12
SEG_8_21,89,105,CAM_5067,11
SEG_8_21,106,118,CAM_5066,19
SEG_8_22,119,120,CAM_5066,19
SEG_8_22,121,134,CAM_5066,18
SEG_8_22,135,156,CAM_5066,17
SEG_8_22,157,163,CAM_5066,16
SEG_8_22,164,179,CAM_5065,16
SEG_8_27,1,5,CAM_5065,12
SEG_8_26,11,28,CAM_5065,13
SEG_8_27,6,10,CAM_5065,13
SEG_8_26,29,54,CAM_5065,14
SEG_8_25,55,105,CAM_5066,11
SEG_8_24,109,141,CAM_5066,12
SEG_8_25,106,108,CAM_5066,12
SEG_8_24,142,159,CAM_5066,13
SEG_8_24,160,166,CAM_5066,14
SEG_8_23,167,168,CAM_5066,15
SEG_8_23,169,169,CAM_5065,15
SEG_8_28,1,7,CAM_5065,11
SEG_8_28,8,9,CAM_5064,17
SEG_8_29,10,32,CAM_5064,17
SEG_8_29,33,55,CAM_5065,21
SEG_8_29,56,66,CAM_5064,16
SEG_8_29,67,70,CAM_5064,15
SEG_8_29,71,71,CAM_5064,14
SEG_8_30,72,72,CAM_5064,14
SEG_8_30,73,84,CAM_5064,13
SEG_8_30,85,93,CAM_5064,12
SEG_8_31,94,94,CAM_5064,12
SEG_8_31,95,110,CAM_5064,11
SEG_16_2,1,47,CAM_5120,21
SEG_16_1,55,88,CAM_5120,20
SEG_16_2,48,54,CAM_5120,20
SEG_16_1,89,101,CAM_5120,19
SEG_16_1,102,113,CAM_5120,18
SEG_16_3,1,37,CAM_5119,11
SEG_16_3,38,55,CAM_5119,12
SEG_16_4,56,63,CAM_5119,12
SEG_16_4,64,90,CAM_5119,13
SEG_16_4,91,103,CAM_5119,14
SEG_16_4,104,108,CAM_5119,15
SEG_16_4,109,109,CAM_5119,16
SEG_16_5,110,110,CAM_5119,16
SEG_16_5,111,112,CAM_5119,17
SEG_16_5,113,117,CAM_5119,18
SEG_16_5,118,130,CAM_5119,19
SEG_16_5,131,159,CAM_5119,20
SEG_16_9,1,7,CAM_5117,11
SEG_16_9,8,20,CAM_5118,14
SEG_16_9,21,47,CAM_5118,13
SEG_16_8,55,74,CAM_5118,12
SEG_16_9,48,54,CAM_5118,12
SEG_16_7,109,130,CAM_5118,11
SEG_16_8,75,108,CAM_5118,11
SEG_16_6,164,173,CAM_5119,21
SEG_16_7,131,163,CAM_5119,21
SEG_16_10,1,9,CAM_5117,11
SEG_16_10,10,22,CAM_5117,12
SEG_16_10,23,36,CAM_5117,13
SEG_16_10,37,50,CAM_5117,14
SEG_16_10,51,55,CAM_5117,15
SEG_16_11,56,63,CAM_5117,15
SEG_16_11,64,76,CAM_5117,16
SEG_16_11,77,89,CAM_5117,17
SEG_16_11,90,103,CAM_5118,15
SEG_16_12,104,104,CAM_5118,15
SEG_16_12,105,124,CAM_5117,18
SEG_16_12,125,132,CAM_5118,16
SEG_16_12,133,143,CAM_5118,17
SEG_16_13,144,151,CAM_5118,17
SEG_16_13,152,160,CAM_5118,18
SEG_16_17,1,3,CAM_5116,19
SEG_16_17,4,5,CAM_5116,18
SEG_16_17,6,7,CAM_5116,17
SEG_16_16,12,14,CAM_5116,16
SEG_16_17,8,11,CAM_5116,16
SEG_16_16,15,23,CAM_5116,15
SEG_16_16,24,41,CAM_5116,14
SEG_16_15,62,75,CAM_5116,13
SEG_16_16,42,61,CAM_5116,13
SEG_16_15,76,99,CAM_5116,12
SEG_16_14,115,120,CAM_5118,20
SEG_16_15,100,114,CAM_5118,20
SEG_16_14,121,133,CAM_5118,19
SEG_16_14,134,144,CAM_5118,18
SEG_16_18,1,12,CAM_5116,20
SEG_16_18,13,39,CAM_5116,21
SEG_16_18,40,47,CAM_5116,22
SEG_16_19,48,78,CAM_5116,22
SEG_16_19,79,86,CAM_5116,23
SEG_16_20,87,119,CAM_5116,23
SEG_16_20,120,146,CAM_5115,11
SEG_16_20,147,190,CAM_5115,12
SEG_18_1,1,10,CAM_5128,41
SEG_18_1,11,11,CAM_5128,42
SEG_18_1,12,12,CAM_5128,43
SEG_18_1,13,13,CAM_5128,44
SEG_18_1,14,20,CAM_5128,45
SEG_18_1,21,65,CAM_5128,46
SEG_18_2,66,75,CAM_5128,46
SEG_18_3,76,76,CAM_5128,46
SEG_18_3,77,105,CAM_5128,47
SEG_18_4,106,156,CAM_5128,47
SEG_18_5,157,175,CAM_5128,47
SEG_18_9,1,16,CAM_5125,12
SEG_18_9,17,28,CAM_5124,11
SEG_18_7,74,89,CAM_5125,11
SEG_18_8,29,73,CAM_5125,11
SEG_18_6,90,103,CAM_5128,47
SEG_18_10,1,18,CAM_5125,12
SEG_18_11,19,19,CAM_5125,12
SEG_18_11,20,44,CAM_5125,13
SEG_18_12,45,45,CAM_5125,13
SEG_18_12,46,65,CAM_5125,14
SEG_18_12,66,72,CAM_5125,15
SEG_18_13,73,94,CAM_5125,15
SEG_18_14,95,95,CAM_5125,15
SEG_18_14,96,116,CAM_5125,16
SEG_18_14,117,135,CAM_5125,17
SEG_18_15,136,136,CAM_5125,17
SEG_18_15,137,186,CAM_5125,18
SEG_19_1,26,46,CAM_5142,12
SEG_19_2,1,25,CAM_5142,12
SEG_19_1,47,48,CAM_5142,13
SEG_19_1,49,51,CAM_5142,14
SEG_19_1,52,55,CAM_5142,15
SEG_19_1,56,67,CAM_5142,16
SEG_19_1,68,100,CAM_5142,17
SEG_19_3,1,9,CAM_5142,11
SEG_19_3,10,45,CAM_5141,17
SEG_19_3,46,81,CAM_5141,16
SEG_19_3,82,108,CAM_5141,15
SEG_19_3,109,118,CAM_5141,14
SEG_19_3,119,127,CAM_5141,13
SEG_19_3,128,128,CAM_5139,23
SEG_19_4,129,131,CAM_5139,23
SEG_19_4,132,133,CAM_5141,12
SEG_19_4,134,140,CAM_5141,11
SEG_19_4,141,149,CAM_5139,22
SEG_19_4,150,162,CAM_5139,21
SEG_19_4,163,180,CAM_5138,20
SEG_19_9,21,33,CAM_5138,12
SEG_19_10,1,20,CAM_5138,12
SEG_19_9,34,39,CAM_5138,13
SEG_19_9,40,42,CAM_5138,14
SEG_19_9,43,43,CAM_5138,15
SEG_19_8,45,45,CAM_5138,16
SEG_19_9,44,44,CAM_5138,16
SEG_19_8,46,52,CAM_5139,11
SEG_19_8,53,63,CAM_5139,12
SEG_19_8,64,75,CAM_5139,13
SEG_19_8,76,85,CAM_5139,14
SEG_19_7,94,97,CAM_5139,15
SEG_19_8,86,93,CAM_5139,15
SEG_19_7,98,108,CAM_5139,16
SEG_19_5,119,124,CAM_5139,17
SEG_19_6,111,118,CAM_5139,17
SEG_19_7,109,110,CAM_5139,17
SEG_19_5,125,133,CAM_5139,18
SEG_19_5,134,151,CAM_5139,19
SEG_19_5,152,154,CAM_5139,20
SEG_19_5,155,160,CAM_5138,17
SEG_19_5,161,166,CAM_5138,18
SEG_19_5,167,173,CAM_5138,19
SEG_19_11,1,6,CAM_5138,11
SEG_19_11,7,10,CAM_5137,22
SEG_19_11,11,20,CAM_5137,21
SEG_19_11,21,27,CAM_5137,20
SEG_19_11,28,34,CAM_5137,19
SEG_19_12,35,35,CAM_5137,19
SEG_19_12,36,39,CAM_5137,18
SEG_19_13,40,43,CAM_5137,18
SEG_19_13,44,49,CAM_5137,17
SEG_19_14,50,54,CAM_5137,17
SEG_19_14,55,63,CAM_5137,16
SEG_19_14,64,72,CAM_5137,15
SEG_19_14,73,77,CAM_5137,14
SEG_19_14,78,88,CAM_5137,13
SEG_19_15,89,93,CAM_5137,12
SEG_19_16,94,94,CAM_5137,12
SEG_19_16,95,97,CAM_5136,15
SEG_19_16,98,99,CAM_5136,14
SEG_19_16,100,103,CAM_5137,11
SEG_19_16,104,110,CAM_5136,13
SEG_19_16,111,123,CAM_5136,12
SEG_19_16,124,136,CAM_5136,11
SEG_19_16,137,141,CAM_5135,19
SEG_19_17,142,144,CAM_5135,19
SEG_19_17,145,148,CAM_5135,18
SEG_19_17,149,180,CAM_5135,17
SEG_19_21,1,6,CAM_5134,18
SEG_19_20,8,17,CAM_5134,19
SEG_19_21,7,7,CAM_5134,19
SEG_19_20,18,24,CAM_5134,20
SEG_19_20,25,28,CAM_5135,11
SEG_19_19,31,36,CAM_5135,12
SEG_19_20,29,30,CAM_5135,12
SEG_19_19,37,48,CAM_5135,13
SEG_19_19,49,61,CAM_5135,14
SEG_19_19,62,75,CAM_5135,15
SEG_19_18,83,120,CAM_5135,16
SEG_19_19,76,82,CAM_5135,16
SEG_19_22,1,23,CAM_5134,17
SEG_19_22,24,28,CAM_5134,16
SEG_19_23,29,31,CAM_5134,16
SEG_19_24,32,34,CAM_5134,16
SEG_19_25,35,35,CAM_5134,16
SEG_19_25,36,45,CAM_5134,15
SEG_19_25,46,62,CAM_5134,14
SEG_19_25,63,74,CAM_5134,13
SEG_19_25,75,80,CAM_5134,12
SEG_19_26,81,88,CAM_5134,12
SEG_19_26,89,101,CAM_5134,11
SEG_19_26,102,115,CAM_5133,14
SEG_19_26,116,121,CAM_5133,13
SEG_19_26,122,126,CAM_5133,12
SEG_19_26,127,129,CAM_5132,17
SEG_19_26,130,131,CAM_5132,16
SEG_19_26,132,133,CAM_5133,11
SEG_19_27,134,135,CAM_5132,15
SEG_19_27,136,142,CAM_5132,14
SEG_19_27,143,152,CAM_5132,13
SEG_19_27,153,173,CAM_5132,12
SEG_19_31,1,12,CAM_5131,11
SEG_19_31,13,40,CAM_5131,12
SEG_19_30,46,48,CAM_5131,13
SEG_19_31,41,45,CAM_5131,13
SEG_19_30,49,57,CAM_5131,14
SEG_19_30,58,66,CAM_5131,15
SEG_19_30,67,77,CAM_5131,16
SEG_19_30,78,91,CAM_5131,17
SEG_19_29,99,103,CAM_5131,18
SEG_19_30,92,98,CAM_5131,18
SEG_19_29,104,118,CAM_5131,19
SEG_19_29,119,132,CAM_5131,20
SEG_19_29,133,145,CAM_5131,21
SEG_19_28,154,158,CAM_5131,22
SEG_19_29,146,153,CAM_5131,22
SEG_19_28,159,172,CAM_5132,11
SEG_19_32,1,7,CAM_5130,11
SEG_19_32,8,9,CAM_5130,12
SEG_19_33,10,13,CAM_5130,13
SEG_19_33,14,21,CAM_5130,14
SEG_19_33,22,30,CAM_5130,15
SEG_19_33,31,59,CAM_5130,16
SEG_19_34,60,60,CAM_5130,16
SEG_19_34,61,86,CAM_5128,11
SEG_19_35,87,100,CAM_5128,11
SEG_19_35,101,126,CAM_5128,12
SEG_19_35,127,139,CAM_5128,13
SEG_19_35,140,152,CAM_5128,14
SEG_19_35,153,163,CAM_5128,15
SEG_19_35,164,170,CAM_5128,16
SEG_20_1,1,26,CAM_5137,24
SEG_20_2,27,52,CAM_5137,24
SEG_20_2,53,71,CAM_5137,25
SEG_20_3,72,72,CAM_5137,25
SEG_20_3,73,92,CAM_5138,11
SEG_20_4,93,99,CAM_5138,11
SEG_20_5,100,152,CAM_5138,11
SEG_17_1,1,40,CAM_5122,17
SEG_17_1,41,67,CAM_5122,16
SEG_17_1,68,80,CAM_5122,15
SEG_17_1,81,84,CAM_5122,14
SEG_17_1,85,86,CAM_5122,13
SEG_17_1,87,88,CAM_5122,12
SEG_17_1,89,95,CAM_5122,11
SEG_17_2,1,19,CAM_5121,11
SEG_17_3,20,40,CAM_5121,11
SEG_17_3,41,71,CAM_5121,12
SEG_17_4,72,75,CAM_5121,12
SEG_17_4,76,106,CAM_5121,13
SEG_17_4,107,114,CAM_5121,14
SEG_17_4,115,123,CAM_5121,15
SEG_17_4,124,124,CAM_5121,16
SEG_17_4,125,126,CAM_5121,17
SEG_17_5,127,128,CAM_5121,18
SEG_17_5,129,134,CAM_5121,19
SEG_17_5,135,147,CAM_5121,20
SEG_17_5,148,174,CAM_5121,21
SEG_17_9,1,4,CAM_5120,17
SEG_17_9,5,6,CAM_5120,16
SEG_17_9,7,10,CAM_5120,15
SEG_17_9,11,20,CAM_5120,14
SEG_17_9,21,42,CAM_5120,13
SEG_17_8,55,87,CAM_5120,12
SEG_17_9,43,54,CAM_5120,12
SEG_17_7,108,141,CAM_5120,11
SEG_17_8,88,107,CAM_5120,11
SEG_17_6,164,182,CAM_5121,22
SEG_17_7,142,163,CAM_5121,22
SEG_10_2,1,20,CAM_5245,16
SEG_10_1,29,30,CAM_5245,15
SEG_10_2,21,28,CAM_5245,15
SEG_10_1,31,46,CAM_5245,14
SEG_10_1,47,59,CAM_5245,13
SEG_10_1,60,102,CAM_5245,12
SEG_10_3,1,19,CAM_5245,17
SEG_10_3,20,44,CAM_5245,18
SEG_10_3,45,49,CAM_5245,19
SEG_10_4,50,60,CAM_5245,19
SEG_10_4,61,69,CAM_5235,11
SEG_10_4,70,93,CAM_5235,12
SEG_10_4,94,108,CAM_5235,13
SEG_10_5,109,122,CAM_5235,13
SEG_10_6,123,123,CAM_5235,13
SEG_10_6,124,161,CAM_5235,14
SEG_10_9,1,19,CAM_5233,16
SEG_10_9,20,30,CAM_5233,15
SEG_10_9,31,35,CAM_5233,14
SEG_10_8,37,37,CAM_5233,13
SEG_10_9,36,36,CAM_5233,13
SEG_10_8,38,40,CAM_5233,12
SEG_10_8,41,44,CAM_5233,11
SEG_10_8,45,54,CAM_5234,14
SEG_10_8,55,79,CAM_5234,13
SEG_10_8,80,103,CAM_5234,12
SEG_10_8,104,146,CAM_5234,11
SEG_10_7,147,161,CAM_5235,15
SEG_10_10,1,33,CAM_5233,17
SEG_10_10,34,62,CAM_5232,11
SEG_10_11,63,63,CAM_5232,11
SEG_10_11,64,106,CAM_5232,12
SEG_10_11,107,131,CAM_5232,13
SEG_10_11,132,161,CAM_5232,14
SEG_10_17,1,33,CAM_5230,20
SEG_10_16,34,43,CAM_5231,19
SEG_10_16,44,54,CAM_5231,18
SEG_10_16,55,63,CAM_5231,17
SEG_10_15,64,93,CAM_5231,16
SEG_10_15,94,117,CAM_5231,15
SEG_10_15,118,129,CAM_5231,14
SEG_10_15,130,133,CAM_5231,13
SEG_10_15,134,135,CAM_5231,12
SEG_10_13,140,140,CAM_5231,11
SEG_10_14,136,139,CAM_5231,11
SEG_10_12,157,162,CAM_5232,15
SEG_10_13,141,156,CAM_5232,15
SEG_10_18,1,29,CAM_5230,21
SEG_10_18,30,42,CAM_5230,22
SEG_10_18,43,47,CAM_5229,11
SEG_10_19,48,48,CAM_5229,11
SEG_10_19,49,51,CAM_5229,12
SEG_10_19,52,55,CAM_5230,23
SEG_10_19,56,68,CAM_5229,13
SEG_10_19,69,95,CAM_5229,14
SEG_10_19,96,135,CAM_5229,15
SEG_10_19,136,141,CAM_5228,11
SEG_10_20,142,162,CAM_5228,11
SEG_10_22,1,24,CAM_5227,17
SEG_10_22,25,54,CAM_5227,16
SEG_10_22,55,64,CAM_5227,15
SEG_10_22,65,71,CAM_5227,14
SEG_10_21,72,73,CAM_5227,13
SEG_10_21,74,75,CAM_5227,12
SEG_10_21,76,79,CAM_5227,11
SEG_10_21,80,90,CAM_5228,14
SEG_10_21,91,117,CAM_5228,13
SEG_10_21,118,162,CAM_5228,12
SEG_10_23,1,29,CAM_5227,18
SEG_10_23,30,35,CAM_5226,11
SEG_10_24,36,68,CAM_5226,11
SEG_10_24,69,94,CAM_5226,12
SEG_10_24,95,121,CAM_5226,13
SEG_10_24,122,127,CAM_5226,14
SEG_10_25,128,131,CAM_5226,14
SEG_10_25,132,134,CAM_5225,11
SEG_10_25,135,137,CAM_5226,15
SEG_10_25,138,141,CAM_5225,12
SEG_10_25,142,161,CAM_5225,13
SEG_11_4,1,20,CAM_5248,17
SEG_11_4,21,34,CAM_5248,16
SEG_11_3,42,46,CAM_5249,18
SEG_11_4,35,41,CAM_5249,18
SEG_11_2,47,49,CAM_5248,15
SEG_11_2,50,50,CAM_5248,14
SEG_11_2,51,52,CAM_5248,13
SEG_11_2,53,62,CAM_5248,12
SEG_11_2,63,90,CAM_5248,11
SEG_11_2,91,116,CAM_5249,17
SEG_11_2,117,130,CAM_5249,16
SEG_11_2,131,136,CAM_5249,15
SEG_11_1,138,138,CAM_5249,14
SEG_11_2,137,137,CAM_5249,14
SEG_11_1,139,143,CAM_5249,13
SEG_11_1,144,157,CAM_5249,12
SEG_11_1,158,167,CAM_5249,11
SEG_11_5,1,24,CAM_5247,11
SEG_11_5,25,37,CAM_5247,12
SEG_11_5,38,42,CAM_5247,13
SEG_11_6,43,47,CAM_5247,13
SEG_11_6,48,49,CAM_5247,14
SEG_11_6,50,50,CAM_5247,15
SEG_11_6,51,55,CAM_5247,16
SEG_11_6,56,64,CAM_5247,17
SEG_11_6,65,90,CAM_5247,18
SEG_11_6,91,117,CAM_5246,11
SEG_11_6,118,130,CAM_5246,12
SEG_11_6,131,136,CAM_5246,13
SEG_11_7,137,137,CAM_5246,13
SEG_11_7,138,145,CAM_5245,11
SEG_11_7,146,163,CAM_5246,14
SEG_12_3,1,7,CAM_5096,21
SEG_12_2,11,20,CAM_5096,22
SEG_12_3,8,10,CAM_5096,22
SEG_12_2,21,25,CAM_5095,11
SEG_12_1,30,32,CAM_5095,12
SEG_12_2,26,29,CAM_5095,12
SEG_12_1,33,37,CAM_5095,13
SEG_12_1,38,46,CAM_5095,14
SEG_12_1,47,52,CAM_5095,15
SEG_12_1,53,62,CAM_5095,16
SEG_12_1,63,70,CAM_5095,17
SEG_12_1,71,79,CAM_5095,18
SEG_12_1,80,85,CAM_5095,19
SEG_12_1,86,92,CAM_5095,20
SEG_12_1,93,106,CAM_5096,23
SEG_12_1,107,119,CAM_5096,24
SEG_12_1,120,127,CAM_5096,25
SEG_12_1,128,130,CAM_5098,11
SEG_12_1,131,132,CAM_5096,26
SEG_12_1,133,142,CAM_5096,27
SEG_12_4,1,15,CAM_5095,25
SEG_12_5,16,29,CAM_5095,25
SEG_12_5,30,49,CAM_5095,24
SEG_12_5,50,63,CAM_5095,23
SEG_12_5,64,69,CAM_5095,22
SEG_12_5,70,74,CAM_5094,19
SEG_12_6,75,76,CAM_5094,19
SEG_12_6,77,78,CAM_5094,18
SEG_12_6,79,88,CAM_5095,21
SEG_12_6,89,107,CAM_5094,17
SEG_12_6,108,113,CAM_5094,17
SEG_12_6,114,122,CAM_5094,16
SEG_12_7,123,129,CAM_5094,15
SEG_12_8,130,130,CAM_5094,15
SEG_12_8,131,135,CAM_5094,16
SEG_12_8,136,145,CAM_5094,15
SEG_12_8,146,154,CAM_5094,14
SEG_12_8,155,163,CAM_5094,13
SEG_12_8,164,173,CAM_5094,12
SEG_12_10,1,28,CAM_5242,13
SEG_12_10,29,40,CAM_5242,12
SEG_12_10,41,67,CAM_5242,11
SEG_12_9,68,73,CAM_5094,11
SEG_12_11,1,10,CAM_5241,11
SEG_12_12,11,11,CAM_5241,11
SEG_12_12,12,14,CAM_5241,12
SEG_12_12,15,18,CAM_5242,14
SEG_12_12,19,25,CAM_5241,13
SEG_12_12,26,39,CAM_5241,14
SEG_12_12,40,68,CAM_5241,15
SEG_12_17,1,18,CAM_5250,17
SEG_12_15,26,28,CAM_5250,18
SEG_12_16,24,25,CAM_5250,18
SEG_12_17,19,23,CAM_5250,18
SEG_12_15,29,40,CAM_5241,24
SEG_12_15,41,53,CAM_5241,23
SEG_12_15,54,67,CAM_5241,22
SEG_12_15,68,80,CAM_5241,21
SEG_12_15,81,93,CAM_5241,20
SEG_12_15,94,106,CAM_5241,19
SEG_12_14,114,121,CAM_5241,18
SEG_12_15,107,113,CAM_5241,18
SEG_12_14,122,134,CAM_5241,17
SEG_12_13,135,161,CAM_5241,16
SEG_12_18,1,23,CAM_5250,16
SEG_12_18,24,34,CAM_5250,15
SEG_12_18,35,51,CAM_5250,14
SEG_12_18,52,75,CAM_5250,13
SEG_12_18,76,95,CAM_5250,12
SEG_12_18,96,159,CAM_5250,11
SEG_12_19,160,164,CAM_5250,11
SEG_12_20,165,169,CAM_5250,11
